﻿Name,ID,email
Iz,1001852671,1001852671@gmail.com
John,1001852672,1001852672@gmail.com
May,1001852673,1001852673@gmail.com
Lim,1001852674,1001852674@gmail.com
Jo,1001852675,1001852675@gmail.com
Biven,1001852676,1001852676@gmail.com
James,1001852677,1001852677@gmail.com
Chan,1001852678,1001852678@gmail.com
Ko,1001852679,1001852679@gmail.com
Lee,1001852680,1001852680@gmail.com
Kong,1001852681,1001852681@gmail.com
Dean,1001852682,1001852682@gmail.com
Marx,1001852683,1001852683@gmail.com
Sim,1001852684,1001852684@gmail.com
Po,1001852685,1001852685@gmail.com
Lok,1001852686,1001852686@gmail.com
Loke,1001852687,1001852687@gmail.com
